{
	"format_version": "1.8.0",
	"animations": {
		"animation.drone.up": {
			"loop": true,
			"animation_length": 0.5,
			"bones": {
				"Lwing": {
					"rotation": [-10, 0, 0]
				},
				"Rwing": {
					"rotation": [10, 0, 0]
				},
				"lidar": {
					"rotation": {
						"0.0": [0, 0, 0],
						"0.5": [0, 365, 0]
					}
				}
			}
		},
		"animation.drone.forward": {
			"loop": true,
			"animation_length": 1,
			"bones": {
				"body": {
					"rotation": [2.5, 0, 0]
				},
				"Lwing": {
					"rotation": [15, 0, 0]
				},
				"Rwing": {
					"rotation": [15, 0, 0]
				},
				"lidar": {
					"rotation": {
						"0.0": [0, 0, 0],
						"1.0": [0, 365, 0]
					}
				}
			}
		},
		"animation.drone.charging": {
			"loop": "hold_on_last_frame",
			"animation_length": 2,
			"bones": {
				"body": {
					"position": [0, -2, 0]
				},
				"Lwing": {
					"rotation": [0, 0, -57.5],
					"position": {
						"0.5": [0, -1, 0],
						"0.6667": [0.04316, -0.99098, 0],
						"0.7917": [0.1499, -0.96853, 0],
						"0.8333": [0.20528, -0.95683, 0],
						"0.875": [0.27317, -0.94236, 0],
						"0.9167": [0.35596, -0.92461, 0],
						"0.9583": [0.4563, -0.90286, 0],
						"1.0": [0.57792, -0.87616, 0],
						"1.0417": [0.72525, -0.8431, 0],
						"1.0833": [0.90373, -0.80179, 0],
						"1.125": [1.11938, -0.74951, 0],
						"1.1667": [1.37688, -0.68276, 0],
						"1.2083": [1.67505, -0.59855, 0],
						"1.2917": [2.32495, -0.40145, 0],
						"1.3333": [2.62312, -0.31724, 0],
						"1.375": [2.88062, -0.25049, 0],
						"1.4167": [3.09627, -0.19821, 0],
						"1.4583": [3.27475, -0.1569, 0],
						"1.5": [3.42208, -0.12384, 0],
						"1.5417": [3.5437, -0.09714, 0],
						"1.5833": [3.64404, -0.07539, 0],
						"1.625": [3.72683, -0.05764, 0],
						"1.6667": [3.79472, -0.04317, 0],
						"1.7083": [3.8501, -0.03147, 0],
						"1.9167": [3.98995, -0.0021, 0],
						"2.0": [4, 0, 0]
					}
				},
				"Rwing": {
					"rotation": [0, 0, 57.5],
					"position": {
						"0.0": [0, -1, 0],
						"0.5": [0, -1, 0],
						"0.7083": [-0.06891, -0.98084, 0],
						"0.8333": [-0.19464, -0.9442, 0],
						"0.875": [-0.25764, -0.92591, 0],
						"0.9167": [-0.33437, -0.90375, 0],
						"0.9583": [-0.42786, -0.87706, 0],
						"1.0": [-0.54179, -0.84505, 0],
						"1.0417": [-0.68121, -0.80678, 0],
						"1.0833": [-0.85292, -0.76121, 0],
						"1.125": [-1.06543, -0.70742, 0],
						"1.1667": [-1.32784, -0.64501, 0],
						"1.2083": [-1.64432, -0.57489, 0],
						"1.2917": [-2.35568, -0.42511, 0],
						"1.3333": [-2.67216, -0.35499, 0],
						"1.375": [-2.93457, -0.29258, 0],
						"1.4167": [-3.14708, -0.23879, 0],
						"1.4583": [-3.31879, -0.19322, 0],
						"1.5": [-3.45821, -0.15495, 0],
						"1.5417": [-3.57214, -0.12294, 0],
						"1.5833": [-3.66563, -0.09625, 0],
						"1.625": [-3.74236, -0.07409, 0],
						"1.6667": [-3.80536, -0.0558, 0],
						"1.875": [-3.97545, -0.00641, 0],
						"2.0": [-4, 0, 0]
					}
				},
				"thrusters": {
					"position": [0, -2, 0]
				},
				"lidar": {
					"rotation": {
						"0.0": [0, 0, 0],
						"0.1667": [0, 0.3316, 0],
						"0.3333": [0, 1.84667, 0],
						"0.375": [0, 2.45232, 0],
						"0.4167": [0, 3.16355, 0],
						"0.4583": [0, 3.98732, 0],
						"0.5": [0, 4.93191, 0],
						"0.5417": [0, 6.01507, 0],
						"0.5833": [0, 7.24167, 0],
						"0.625": [0, 8.63467, 0],
						"0.6667": [0, 10.20491, 0],
						"0.7083": [0, 11.97439, 0],
						"0.75": [0, 13.96757, 0],
						"0.7917": [0, 16.21155, 0],
						"0.8333": [0, 18.73735, 0],
						"0.875": [0, 21.59255, 0],
						"0.9167": [0, 24.81942, 0],
						"0.9583": [0, 28.47805, 0],
						"1.0": [0, 32.64497, 0],
						"1.0417": [0, 37.40702, 0],
						"1.0833": [0, 42.87483, 0],
						"1.125": [0, 49.17532, 0],
						"1.1667": [0, 56.44508, 0],
						"1.2083": [0, 64.80227, 0],
						"1.25": [0, 74.27112, 0],
						"1.2917": [0, 84.67699, 0],
						"1.3333": [0, 95.56503, 0],
						"1.375": [0, 106.29815, 0],
						"1.4167": [0, 116.31624, 0],
						"1.4583": [0, 125.32774, 0],
						"1.5": [0, 133.27455, 0],
						"1.5417": [0, 140.23745, 0],
						"1.5833": [0, 146.3338, 0],
						"1.625": [0, 151.693, 0],
						"1.6667": [0, 156.42494, 0],
						"1.7083": [0, 160.61963, 0],
						"1.75": [0, 164.35687, 0],
						"1.7917": [0, 167.69919, 0],
						"1.8333": [0, 170.69689, 0],
						"1.875": [0, 173.3943, 0],
						"1.9167": [0, 175.82295, 0],
						"1.9583": [0, 178.01649, 0],
						"2.0": [0, 180, 0]
					},
					"position": [0, -2, 0]
				},
				"beamcaster": {
					"position": [0, -2, 0]
				}
			}
		},
		"animation.drone.build": {
			"loop": true,
			"animation_length": 0.5,
			"bones": {
				"body": {
					"rotation": [0, 0, 2.5]
				},
				"Lwing": {
					"rotation": [0, 0, 10]
				},
				"Rwing": {
					"rotation": [0, 0, 10]
				},
				"lidar": {
					"rotation": {
						"0.0": [0, 0, 0],
						"0.5": [0, 365, 0]
					}
				}
			}
		}
	}
}